{
  "hash": "d4dc2dd7",
  "configHash": "ce7675e1",
  "lockfileHash": "2c751ebd",
  "browserHash": "32eeef3d",
  "optimized": {
    "@angular/core": {
      "src": "../../../../../../node_modules/@angular/core/fesm2022/core.mjs",
      "file": "@angular_core.js",
      "fileHash": "a3dec5fe",
      "needsInterop": false
    },
    "@angular/platform-browser": {
      "src": "../../../../../../node_modules/@angular/platform-browser/fesm2022/platform-browser.mjs",
      "file": "@angular_platform-browser.js",
      "fileHash": "be0ef207",
      "needsInterop": false
    },
    "@angular/router": {
      "src": "../../../../../../node_modules/@angular/router/fesm2022/router.mjs",
      "file": "@angular_router.js",
      "fileHash": "b9bdc4c9",
      "needsInterop": false
    },
    "@angular/common": {
      "src": "../../../../../../node_modules/@angular/common/fesm2022/common.mjs",
      "file": "@angular_common.js",
      "fileHash": "7ab3044c",
      "needsInterop": false
    },
    "@angular/forms": {
      "src": "../../../../../../node_modules/@angular/forms/fesm2022/forms.mjs",
      "file": "@angular_forms.js",
      "fileHash": "0ed26335",
      "needsInterop": false
    },
    "@angular/common/http": {
      "src": "../../../../../../node_modules/@angular/common/fesm2022/http.mjs",
      "file": "@angular_common_http.js",
      "fileHash": "ab2ae28e",
      "needsInterop": false
    }
  },
  "chunks": {
    "chunk-7XJDBYBW": {
      "file": "chunk-7XJDBYBW.js"
    },
    "chunk-XT46AZV2": {
      "file": "chunk-XT46AZV2.js"
    },
    "chunk-PAZECLBT": {
      "file": "chunk-PAZECLBT.js"
    },
    "chunk-5VKF4H6X": {
      "file": "chunk-5VKF4H6X.js"
    },
    "chunk-JEFORLLL": {
      "file": "chunk-JEFORLLL.js"
    }
  }
}